Abaca,Aback,Abaci,Abada,Abaft,Aband,Abase,Abash,Abate,Abbey,Abbot,Abdal,Abeam,Abear,Abele,Aberr,Abhal,Abhor,Abode,Abide,Abies,Abime,Abyme,Abler,Ablet,Ablen,Abnet,Aboma,Aboon,Abord,Abort,About,Above,Abray,Absis,Abuna,Abuse,Abuzz,Abysm,Abyss,Acari,Accoy,Acerb,Ached,Acini,Acock,Acold,Acorn,Acred,Acrid,Acted,Acton,Actor,Acute,Adact,Adage,Adapt,Adays,Added,Addax,Adder,Addle,Adeem,Adeps,Adept,Adieu,Admit,Admix,Adobe,Adoor,Adopt,Adore,Adorn,Adown,Adrad,Adrip,Adult,Adunc,Adure,Adust,Adyta,Aegis,Aerie,Affix,Afire,Aflat,Aflow,Afoam,Afoot,Afore,Afoul,Afric,Afrit,After,Again,Agama,Agami,Agape,Agasp,Agast,Agate,Agaty,Agave,Aging,Agend,Agent,Agger,Aggry,Aggri,Agile,Agios,Agist,Aglet,Agley,Aglow,Agnus,Agone,Agony,Agood,Agora,Agree,Agrin,Agrom,Agued,Agush,Ahead,Aheap,Ahigh,Ahold,Ahull,Aided,Aider,Aigre,Ailed,Aimed,Aimer,Ain't,Aired,Airer,Aisle,Aitch,Akene,Aknee,Aknow,Alack,Aland,Alarm,Alary,Alate,Alban,Albee,Album,Albyn,Alday,Alder,Aller,Aleak,Alert,Alfet,Algae,Algal,Algid,Algol,Algor,Algum,Alias,Alibi,Alien,Alife,Align,Alike,Aline,Alish,Alive,Allah,Allay,Alley,Allis,Allod,Alloo,Allot,Allow,Alloy,Allyl,Almah,Alman,Almeh,Almry,Almug,Aloes,Aloft,Alogy,Aloin,Alone,Along,Aloof,Alose,Aloud,Alpen,Alpha,Alpia,Altar,Alter,Altho,Altos,Alula,Alure,Alvei,Alway,Amain,Amass,Amate,Amaze,Amber,Babel,Baboo,Backs,Bacon,Badge,Caaba,Cabal,Cabas,Caber,Cabin,Cable,Cabob,Cacao,Cache,Cacti,Caddy,Cader,Cadet,Cadew,Cadge,Cadgy,Cadie,Cadis,Cadre,Caeca,Caged,Cagit,Cagot,Caird,Cairn,Caked,Calid,Calif,Calin,Calix,Calla,Calle,Calmy,Eager,Eagle,Eagre,Eared,Earal,Early,Earsh,Earst,Earth,Eased,Easel,Eaten,Eater,Eaves,Ebbed,Eblis,Ebony,Eccle,Echon,Eclat,Fable,Faced,Faser,Facet,Facia,Facto,Facta,Faded,Fader,Fadge,Fadme,Faery,Fagot,Faham,Faint,Fairy,Faith,Fakir,False,Falwe,Famed,Fanal,Fancy,Fanon,Farad,Farce,Farcy,Fared,Faren,Farry,Farse,Fasti,Fatal,Fated,Fatly,Fatty,Faugh,Fauld,Faule,Fault,Fauna,Fauni,Favas,Favel,Favor,Favus,Faxed,fayed,Feast,Feaze,Fecal,Feces,Fecks,Feere,Feese,Feeze,Feign,Feine,Feint,Feize,Felis,Felly,Felon,Femme,Femur,Fence,Fenks,Fenny,Feoff,Ferae,Feral,Ferde,Feria,Ferie,Ferly,Ferme,Ferny,Ferre,Ferry,Fesse,Feste,Fetal,Fetch,fetch,Feted,Fetid,Fetis,Fetor,Fette,Fetus,Feuar,Fever,Fewel,Feyne,Feyre,Fiber,Fibre,Fiche,Fichu,Ficus,Fides,Fidge,Fidia,Field,Fiend,Fiery,Fifed,Fifer,Fifth,Fifty,Fight,Filar,Filch,Filed,Filer,Filly,Filmy,Filth,Final,Finch,Found,Findy,Fined,Finer,Finew,Finis,Finns,Finny,Finos,Fiord,Fired,Fring,Firer,Firms,Firry,First,Firth,Fishy,Fitch,Fitly,Fives,Fixed,Fjord,Flail,Flain,Flake,Flaky,Flame,Flamy,Flang,Flank,Flare,Flash,Flask,Flawn,Flawy,Flaxy,Fleak,Fleam,Flear,Fleck,Fleen,Fleer,Fleet,Fleme,Flesh,Flete,Flews,Flick,Flier,Flung,Fling,Flint,Flipe,Flirt,Flisk,Flite,Float,Flock,Flong,Flood,Flook,Floor,Flora,Flosh,Floss,Flota,Flote,Flour,Flout,Flowk,Flown,Fluey,Fluff,Fluid,Fluke,Fluky,Flume,Flunk,Fluor,Flurt,Flush,Flute,Fluty,Flies,Flyer,Fnese,Foamy,Focal,Focus,Foggy,Fogie,Foist,Folio,Folia,Folks,Folly,Folwe,Fomes,Fonde,Fonge,Fonly,Fonne,Foody,Foots,Footy,Foray,Forby,Force,Fordo,Forel,Forge,Forgo,Forky,Forme,Forte,Forth,Forty,Forum,Fossa,Fosse,Foule,Fount,Fourb,Fouty,Fovea,Fowls,Foxes,Foxed,Fract,Foxly,Foyer,Frail,Frame,Franc,Frank,Frape,Fraud,Freak,Freck,Freed,Freer,Froze,Fremd,Frena,Frere,Fresh,Frett,Freta,Freya,Friar,Fried,Frier,Frigg,Frill,Frisk,Frist,Frith,Frize,Frizz,Frock,Frond,Frons,Front,Frore,Frorn,Frory,Frost,Frote,Froth,Frown,Frowy,Fruit,Frump,Frush,Fuage,Fubby,Fubsy,Fuchs,Fucus,Fudge,Fuero,Fuffy,Fugle,Fugue,Fulbe,Fully,Fumed,Fumer,Fumet,Fumid,Funge,Fungi,Funic,Funis,Funky,Funny,Furld,Furry,Furze,Furzy,Fused,Fusee,Fusel,Fusil,Fussy,Fusty,Fuzzy,Fytte,Gabel,Gable,Gadre,Gadic,Gaged,Gager,Gaily,Galea,Galei,Gally,Galop,Galpe,Gamba,Gamed,Gamic,Gamin,Gamma,Gamut,Ganch,Ganil,Ganja,Gansa,Ganza,Gaped,Gaper,Garth,Garum,Gases,Gassy,Gated,Gaudy,Gauge,Gault,Gaunt,Gaure,Gauze,Gauzy,Gavel,Gavot,Gawby,Gawky,Gayal,Gayly,Gayne,Gazed,Gazel,Gazer,Gazet,Gazon,Gecko,Geese,Geest,Gelid,Gelly,Gemel,Gemma,Gemmy,Gemul,Genet,Genie,Genio,Genii,Genre,Genty,Genua,Genus,Genys,Geode,Gerah,Gerbe,Gesse,Geste,Geten,Ghast,Ghaut,Ghess,Ghole,Ghost,Ghoul,Ghyll,Giant,Gibed,Gibel,Giber,Giddy,Giffy,Guide,Gigot,Gilse,Gipsy,Girth,Gisle,Guist,Given,Giver,Gives,Glade,Glair,Glama,Gland,Glans,Glare,Glary,Glass,Glaum,Glave,Glase,Glaze,Glazy,Glead,Gleam,Glean,Glebe,Gleby,Glede,Gleed,Gleek,Gleen,Gleet,Glent,Glide,Gliff,Glike,Glint,Glist,Gloam,Gloar,Gloat,Globe,Globy,Glode,Glome,Gloom,Glore,Glory,Glose,Gloss,Glout,Glove,Gloze,Glued,Gluer,Gluey,Glume,Glump,Glyph,Gnarl,Gnash,Gnide,Gnome,Going,Goafs,Gobet,Godly,Goety,Golde,Golet,Goman,Gombo,Gomer,Gonad,Gonys,Goods,Goody,Goose,Goost,Goral,Gorce,Gored,Gorge,Gorma,Gorse,Goter,Gouge,Bouge,Goura,Gourd,Gouty,Gowan,Graal,Grace,Grade,Graff,Graft,Grail,Grain,Graip,Grame,Grand,Grane,Grant,Grape,Grapy,Grasp,Grass,Grate,Grave,Gravy,Graze,Great,Grebe,Grees,Grice,Grise,Grize,Greed,Greek,Green,Greet,Grege,Grego,Greit,Grene,Grete,Greve,Gride,Grief,Griff,Grill,Grime,Grimy,Grind,Grint,Gripe,Grist,Grith,Groan,Groat,Groin,Grond,Groom,Grope,Gross,Grote,Group,Grout,Grove,Grovy,Growl,Grown,Gruel,Gruff,Grume,Grunt,Gryde,Grype,Guaco,Guana,Guano,Guara,Guard,Guava,Guelf,Guess,Guest,Guiac,Gulge,Guild,Guile,Guilt,Guise,GulAe,Gulas,Gular,Gulch,Gules,Gulfy,Gully,Gulph,Gulty,Gumbo,Gumma,Gummy,Gunny,Gurge,Gurmy,Gurry,Gurts,Gusto,Gusty,Gutta,Gutty,Guyed,Guyle,Gyall,Gybed,Gynno,Gypse,Gypsy,Gyral,Gyron,Gyrus,Habit,Hable,Hades,Hadji,Haily,Hairy,Hakim,Haled,Halma,Halos,Halse,Halve,Halwe,Hamel,Hanap,Hance,Hanch,Handy,Hanse,Han't,Haply,Happy,Hards,Hardy,Harem,Harle,Harns,Harpa,Harpy,Harre,Harry,Harsh,Haste,Hasty,Hatch,Hated,Hatel,Hater,Hatte,Haugh,Haulm,Hauls,Hault,Haunt,Haven,Haver,Havoc,Hawed,Hawse,Hazed,Hazel,Hazle,Heady,Heald,Heapy,Heard,Heart,Heath,Hoven,Heave,Heavy,Heben,Hedge,Heedy,Hefty,Hegge,Helix,Hello,Helly,Helot,Helve,Hemal,Hemin,Hempy,Hence,Hende,Hendy,Henen,Henna,Henry,Hente,Hepar,Hepta,Herby,women,Heren,Herie,Herma,Herne,Heron,Herse,Herte,Heugh,Heved,Hewed,Hewer,Hexad,Hexyl,Heygh,Heyne,Hided,Hider,Hying,Hiems,Hight,Hoten,Higre,Hijra,Hilal,Hilar,Hilly,Hilum,Hilus,Hindi,Hindu,Hinge,Hinny,Hipps,Hippa,Hippe,Hired,Hirer,Hires,Hitch,Hithe,Hived,Hiver,Hives,Hoard,Hoary,Hobby,Hobit,Hoboy,Hocco,Hough,Hocus,Hoddy,Hoful,Hoise,Hoist,Hoker,Holla,Hollo,Holly,Holwe,Homer,Honed,Honey,Honor,Hoody,Hoofs,Hooky,Hoove,Hoped,Hoper,Hoppo,Horal,Horde,Horny,Horse,Horsy,Hosen,Hotel,Hotly,Hoult,Hound,Houri,Hours,House,Houss,Houve,Hovel,Hover,Howdy,Howel,Howso,Howve,Hubby,Hudge,Huffy,Hulan,Hulch,Hulky,Hullo,Hully,Human,Humic,Humid,Humin,Humor,Humph,Humpy,Humus,Hunch,Hunks,Hunte,Hurds,Hurly,Hurra,Hurry,Hurst,Husky,Hussy,Hutch,Huzza,Hyads,Hydra,Hyena,Hylic,Hymar,Hymen,Hyoid,Hyrax,Hyrse,Hyrst,Hyson,Hythe,Iambi,Jabot,Jacob,Jaded,Jager,Jaggy,Jaina,Jakes,Jakie,Jalap,Jantu,Janty,Janus,Japan,Japer,Jards,Jarvy,Jasey,Jaunt,Javel,Jawed,Jayet,Jazel,Jears,Jeers,Jelly,Jemmy,Jenny,Jerid,Jerky,Jesse,Jesus,Jetty,Jewel,Jewry,Jibed,Jiffy,Jimmy,Jingo,Jippo,Joint,Joist,Joked,Joker,Jolif,Jolly,Jolty,Jonah,Joram,Jorum,Jossa,Jougs,Joule,Joust,Joyed,Jubae,Judas,Judge,Jugal,Juger,Juggs,Jugum,Juice,Juicy,Juise,Julep,Julus,Junco,Junos,Junta,Junto,Jupon,Jural,Jurat,Jurel,Juror,Jussi,Jutes,Jutty,Juvia,Kaama,Kabob,Kafal,Kafir,Kahau,Kalan,Kalif,Kalki,Kalpa,Kapia,Karma,Karob,Kauri,Kayak,Kayko,Kecky,Kedge,Keech,Keels,Keesh,Keeve,Kelpy,Kempt,Kempe,Kemps,Kerse,Kerve,Kesar,Ketch,Ketol,Kevel,Kevin,Kever,Keved,Keyed,Khaya,Kiang,Kibed,Kidde,Kiddy,Kieve,Kilos,Label,Labia,Labor,Labra,Labri,Laced,Lache,Ladde,Laded,Laden,Ladin,Ladle,Lafte,Lagan,Lager,Lagly,Laird,Laism,Laity,Lakao,Lakin,Lakke,Lamed,Lamel,Lames,Lamia,Lance,Lanch,Lanky,Lapel,Lapis,Lapps,Lapse,Lares,Larch,Lardy,Large,Largo,Larry,Larum,Larva,Larve,Lasse,Lasso,Laste,Latch,Lated,Later,Lates,Latex,Laths,Lathe,Lathy,Latin,Laton,Laugh,Laund,Laura,Laved,Laver,Lavic,Lawer,Lawnd,Lawny,Laxly,Layer,Lazar,Lazed,Leach,Leady,Leafy,Leaky,Leant,Leany,Leapt,Learn,Lease,Leash,Least,Leasy,Leave,Leavy,Leban,Leche,Leden,Ledge,Ledgy,Leech,Leede,Leeme,Leere,Leese,Leful,Legal,Leger,Legge,Leggy,Leman,Lemma,Lemon,Lemur,Lends,Lento,Lepal,Lepas,Leper,Lepid,Lepra,Lepre,Lepry,Lered,Lerot,Letch,Leten,Lethe,Lethy,Lette,Letts,Leuke,Levee,Level,Leven,Lever,Levet,Levin,Levir,Lewis,Leges,Liage,Liane,Liana,Liard,Libel,Liber,Libra,Lichi,Licit,Lidge,Lying,Liege,Lieve,Lives,Lifen,Ligan,Ligge,Light,Ma'am,Mabby,Macao,Macaw,Macco,Macer,Macho,Macle,Madam,Madge,Madia,Madid,Madly,Nabit,Nabob,Nacre,Nadde,Nadir,Naeve,Naevi,Navus,Naggy,Nagor,Naiad,Naive,Naked,Naker,Nakoo,Named,Namer,Nandu,Nanny,Nappe,Nappy,Napus,Nares,Narre,Narwe,Nasal,Nassa,Nasty,Natal,Natch,Nates,Natka,Natty,Naval,Navel,Navew,Navvy,Nawab,Neddy,Needs,Needy,Neeld,Neele,Ne'er,Neese,Negro,Negus,Neife,Neigh,Nempt,Nenia,Nerre,Nerve,Nervy,Netty,Neura,Neven,Never,Nevew,Newel,Newly,Newsy,Nexus,Ngina,Niche,Nidor,Nidus,Niece,Nifle,Night,Nigua,Nihil,Nomen,Nimbi,Ninny,Ninth,Ninut,Niobe,Niopo,Nisan,Nisey,Niste,Nisus,Niter,Nitre,Nitid,Nitry,Nitty,Nival,Nixie,Nizam,Nobby,Noble,Nobly,Nodal,Noddy,Noght,Noier,Noils,Noint,Noise,Noisy,Nolde,Nomad,Nomic,Nonce,Nonda,Nondo,Nones,Nonet,Nonne,Nonny,Nonyl,Noose,Nopal,Noria,Norie,Norma,Norna,Norse,North,Nosed,Nosel,Nosle,Notal,Notch,Noted,Noter,Notum,Notus,Nouch,Nould,Noule,Novel,Novum,Noway,Nowch,Nowed,Nowel,Nowes,Noyau,Noyer,Noyls,Nozle,Nubia,Nuch/,Nucha,Nucin,Nucle,Nudge,Nugae,Oaken,Oaker,Oakum,Oared,Oases,Oasis,Oaten,Oaths,Obeah,Paage,Paard,Paced,Pacer,Pacha,Pacos,Padar,Paddy,Padge,Padow,Paean,Paeon,Pagan,Paged,Pagod,Paien,Pains,Paint,Paise,Paled,Palea,Palet,Palla,Quack,Quade,Raash,Rabat,Rabbi,Rabid,Rabot,Raced,Racer,Rache,Racle,Radde,Radii,Radix,Rafte,Rafty,Raged,Raggy,Raiae,Rainy,Raise,Rajah,Raked,Rakel,Raker,Rally,Ralph,Ramal,Ramed,Ramee,Ramie,Rammy,Rampe,Ramus,Ranal,Rance,Ranch,Ranee,Range,Ranny,Ranty,Raphe,Rapid,Rased,Raspy,Rasse,Ratan,Ratch,Rated,Ratel,Rater,Rathe,Ratio,Raton,Raved,Ravel,Raven,Raver,Ravin,Rawly,Rayed,Rayah,Rayon,Razed,Razee,Razor,Reach,React,Ready,Realm,Reame,Reata,Reave,Rebec,Rebel,Rebus,Rebut,Recto,Recti,Recur,Redan,Redde,Redia,Redly,Redub,Reedy,Reefy,Reeky,Reeve,Refar,Refel,Refer,Refit,Refix,Refut,Regal,Regel,Reget,Regle,Regma,Regne,Reign,Reins,Rekne,Relax,Relay,Relic,Relik,Remit,Remix,Remue,Renal,Renay,Renew,Renne,Rente,Repay,Repel,Reply,Resaw,Reset,Resin,Resow,Resty,Retch,Retex,Retry,Rette,Reule,Reume,Revel,Revet,Revie,Rewet,Rewin,Rewle,Rewme,Rewth,Reges,Reyse,Rheae,Rheic,Rhein,Rheum,Rhime,Rhine,Rhino,Rhomb,Rhumb,Rhyme,Riant,Riban,Ribes,Riden,Rider,Ridge,Ridgy,Rifle,Rigel,Right,Rigid,Rigol,Rigor,Riled,Rille,Rimae,Rimed,Rimer,Rimey,Rindy,Rined,Rinse,Ripen,Risen,Riser,Risky,Risse,Rival,Rived,Riven,Rivel,River,Rivet,Roach,Roast,Robed,Robin,Roche,Rocky,Rocoa,Roddy,Rodeo,Rodge,Rogue,Roguy,Rohob,Roial,Roily,Roint,Roist,Rokee,Roman,Romic,Rompu,Ronco,Ronde,Rondo,Ronne,Roody,Roofy,Rooky,Roomy,Roost,Rooty,Roped,Roper,Roral,Roric,Rorid,Rosen,Roser,Roset,Rosin,Rotal,Roted,Rotta,Rouet,Rouge,Rough,Round,Rouse,Roust,Route,Roved,Rover,Rowed,Rowan,Rowdy,Rowel,Rowen,Rower,Royal,Royne,Rubin,Ruble,Rubus,Ruche,Ruddy,Ruing,Ruffe,Rufol,Rugae,Ruggy,Rugin,Ruled,Ruler,Rumbo,Rumen,Rummy,Rumor,Runch,Runer,Runic,Runty,Rupee,Rupia,Rural,Rushy,Rusma,Rusty,Rutic,Rutin,Rutty,Ryder,Saadh,Sabal,Saber,Sabre,Sable,Sabot,Sacar,Sacci,Sacre,sacra,Sadda,Sadly,Sagas,Sagum,Sagus,Sahib,Saheb,Sahui,Saiga,Saily,Saint,Saith,Saiva,Sajou,Saker,Sakti,Salad,Salam,Saleb,Salep,Salic,Salix,Sally,Salmi,Salol,Salon,Salpa,Salse,Salty,Salue,Salve,Salvo,Sambo,Sandy,Sanga,Sangu,Sanny,Sapid,Sapor,Sappy,Saree,Sargo,Saros,Sarpo,Sarsa,Sarse,Sasin,Sasse,Satan,Sated,Satin,Satle,Satyr,Sauce,Saucy,Saugh,Sauks,Sault,Saury,Saute,Saved,Saver,Savin,Savor,Savoy,Sawed,Sawer,Saxon,Sayer,Saynd,Scala,Scald,Scale,Scall,Scalp,Scaly,Scamp,Scant,Scape,Scard,Scare,Scarf,Scarn,Scarp,Scary,Scatt,Scate,Scath,Scaup,Scaur,Scena,Scene,Scent,Scern,Schah,Scink,Scion,Sciot,Scise,Sclav,Scoat,Scobs,Scoff,Scoke,Scold,Scole,Scomm,Scone,Scoop,Scoot,Scope,Score,Scorn,Scoth,Scots,Scour,Scout,Scowl,Scrag,Scrap,Scrat,Scraw,Scray,Scree,Screw,Scrid,Scrim,Scrip,Scrit,Scrod,Scrog,Scrow,Scrub,Scudi,Scudo,Scuff,Sculk,Scull,Sculp,Scurf,Scuta,Scute,Scyle,Selch,Seamy,Tabby,Taber,Tabes,Tabid,Table,Taboo,Tabor,Tacet,Tache,Tacit,Tacky,Ta'en,Taffy,Tafia,Taint,Taira,Tairn,Taken,Taker,Taled,Udder,Uhlan,Ukase,Ulcer,Ulema,Ullet,Ulmic,Ulmin,Ulmus,Ulnar,Ultra,Ulula,Umbel,Umber,Umbos,Umbra,Umbre,Unapt,Unarm,Unbag,Unbar,Unbay,Unbed,Unbid,Unbit,Unbow,Unbox,Unboy,Uncap,Uncia,Uncle,Uncus,Uncut,Undam,Under,Undid,Undue,Ubeth,Unfit,Unfix,Unget,Ungka,Ungod,Ungot,Unhap,Unhat,Uniat,Unify,Union,Unite,Unity,Unked,Unkle,Unlap,Unlaw,Unlay,Unman,Unmew,Unnun,Unoil,Unpay,Unpeg,Unpen,Unpin,Unrig,Unrip,Unsad,Unsay,Unset,Unsew,Unsex,Unsin,Untie,Until,Unwit,Upbar,Upend,Uphaf,Upher,Uplay,Upper,Uprun,Upset,Upsun,Uptie,Upupa,Upyat,Urali,Urare,Urari,Urate,Urban,Ureal,Uredo,Urged,Urger,Urine,Urite,Urith,Urnal,Ursal,Urson,Ursuk,Ursus,Urubu,Usage,Usant,Using,Usher,Usnea,Usnic,Usual,Usure,Usurp,Usury,Utica,Utile,Utter,Uvate,Uvrou,Uvula,Uzema,Vacua,Vagal,Vague,Vagus,Vairy,Valet,Valid,Valla,Valor,Value,Valve,Vapid,Vapor,Varan,Varec,Varix,Vasty,Vasum,Vault,Vaunt,Vauty,Vedro,Veery,Veiny,Velar,Velum,Venae,Venal,Vends,Venew,Veney,Venge,Venom,Venue,Venus,Verge,Verse,Verso,Verst,Vertu,Verve,Vespa,Vesta,Vetch,Vexed,Vexer,Vexil,Viage,Viand,Viary,Vicar,Viced,Wacke,Wacky,Waded,Wader,Wafer,Waged,Wagel,Wager,Wages,Wagon,Waift,Waist,Waive,Waked,Waken,Waker,Walty,Waltz,Walwe,Wandy,Waned,Waney,Wango,Wanly,Wanty,Wanze,Waped,Wares,Warly,Warre,Warry,Warty,Warye,Washy,Waste,Watch,Water,Xebec,Xenia,Xenyl,Xeres,Xerif,Xylem,Xylic,Xylol,Xylyl,Xyris,Yacca,Yacht,Yager,Yakin,Yalah,Yamma,Yapon,Yarke,Yaulp,Yawed,Ydrad,Yeara,Yearn,Yeast,Yeman,Yerba,Yerne,Yerst,Yesty,Yeven,Yewen,Yezdi,Yfere,Yield,Ylike,Yodel,Yodle,Yojan,Yoked,Yokel,Young,Yours,Youth,Youze,Yraft,Ysame,Yucca,Yufts,Yulan,Yumas,Yupon,Zacco,Zambo,Zamia,Zante,Zayat,Zebec,Zebra,Zebub,Zemni,Zenik,Zerda,Zeros,Zibet,Ziega,Zilla,Zinky,Zizel,